<?xml version="1.0" encoding="UTF-8"?>
<!DOCTYPE configuration PUBLIC "-//mybatis.org//DTD Config 3.0//EN" "http://mybatis.org/dtd/mybatis-3-config.dtd">
<configuration>
	<typeAliases>
		<typeAlias alias="Faq" type="com.oracle.s20210902.model.Faq"/>
		<typeAlias alias="Qna" type="com.oracle.s20210902.model.Qna"/>
		<typeAlias alias="Member" type="com.oracle.s20210902.model.Member"/>
		<typeAlias alias="Order1" type="com.oracle.s20210902.model.Order1"/>
		<typeAlias alias="LatestProduct" type="com.oracle.s20210902.model.LatestProduct"/>
		<typeAlias alias="Product" type="com.oracle.s20210902.model.Product"/>
		<typeAlias alias="Review" type="com.oracle.s20210902.model.Review" />
		<typeAlias type="com.oracle.s20210902.model.Notice" alias="Notice"/>
	</typeAliases>
</configuration>

